Workbook

Sheet Anleitung
B1: Stammdatenvorlage Arbeitszeiterfassung
B2: Vorbereitung der systematischen Arbeitszeiterfassung für Mitarbeiter einer GmbH in Deutschland
B4: Zweck | C4: Strukturierte, einmalige Erfassung der Personal- und Vertragsstammdaten, die für Sollzeitberechnung, Zeitkonto, Urlaub und gesetzliche Prüfungen (ArbZG, MiLoG, BUrlG, JArbSchG) benötigt werden. Die Datei dient als Datenbasis für die spätere Erfassung der Ist-Zeiten bzw. den Import in ein Zeiterfassungssystem.
B6: Blätter
B7: Mitarbeiterstamm | C7: Hauptblatt: eine Zeile je Mitarbeiter (bis 300). Eingabe, automatische Berechnungen und Plausibilitätsprüfung.
B8: Arbeitszeitmodelle | C8: Stammdaten der Modelle: Soll je Wochentag, Rahmen-/Kernzeit, Gleitzeit, Pausen. Wird im Stammblatt per ID zugeordnet.
B9: Parameter | C9: Firmenname, Stichtag und gesetzliche Grenzwerte (Mindestlohn, Minijob, Urlaub, ArbZG) – jährlich prüfen.
B10: Listen | C10: Auswahllisten für Dropdowns. Abteilungen und Standorte können in den farbigen Leerzeilen ergänzt werden.
B11: Feldbeschreibung | C11: Datenwörterbuch: Bedeutung, Format und Pflichtstatus jedes Feldes.
B13: Farblegende
B14: Blaue Schrift | C14: Eingabefeld – hier tragen Sie Daten ein.
B15: Graue Zelle | C15: Berechnetes Feld (Formel) – nicht überschreiben.
B16: Gelbe Zelle (Stamm) | C16: Pflichtfeld in einer bereits begonnenen Zeile ist noch leer.
B17: Plausibilität rot/grün | C17: Rot = Hinweis auf Fehler/Auffälligkeit (Text nennt den Grund), grün = „OK“.
B19: Vorgehen in 6 Schritten
B20: 1 Parameter | C20: Firmenname eintragen, gesetzliche Werte auf Aktualität prüfen.
B21: 2 Listen | C21: Abteilungen und Standorte Ihres Unternehmens ergänzen bzw. Beispiele ersetzen.
B22: 3 Arbeitszeitmodelle | C22: Vorschläge an Ihre Regelungen anpassen, fehlende Modelle ergänzen (Sollstunden je Wochentag).
B23: 4 Mitarbeiterstamm | C23: Beispielzeile 5 überschreiben, danach je Mitarbeiter eine Zeile. Zuerst Pflichtfelder, dann optionale Felder.
B24: 5 Prüfen | C24: Spalte „Plausibilität“ filtern (Filter ≠ „OK“) und alle Hinweise abarbeiten.
B25: 6 Freigeben | C25: Personalabteilung/Geschäftsführung prüft; ggf. Abstimmung mit Betriebsrat; Datei geschützt ablegen.
B27: Rechtlicher Rahmen (Hinweise)
B28: Pflicht zur Zeiterfassung | C28: BAG-Beschluss vom 13.09.2022 (1 ABR 22/21): Arbeitgeber müssen ein System zur Erfassung der Arbeitszeit einführen (§ 3 Abs. 2 Nr. 1 ArbZG). Beginn, Ende und Dauer der täglichen Arbeitszeit sind zu erfassen; die Details einer gesetzlichen Neuregelung sind zu beobachten.
B29: Aufzeichnung & Aufbewahrung | C29: Überstunden-/Mehrarbeitsnachweise bei Überschreitung von 8 h/Tag (§ 16 Abs. 2 ArbZG) und Mindestlohn-Aufzeichnung (§ 17 MiLoG) sind mindestens 2 Jahre aufzubewahren; Lohn-/Steuerunterlagen unterliegen längeren Fristen.
B30: Mitbestimmung | C30: Bei bestehendem Betriebsrat ist die Einführung technischer Zeiterfassung mitbestimmungspflichtig (§ 87 Abs. 1 Nr. 1, 2 und 6 BetrVG).
B31: Datenschutz | C31: Beschäftigtendaten nur im erforderlichen Umfang (§ 26 BDSG, Art. 5 DSGVO). Keine Gesundheitsdaten (außer erforderlicher Schwerbehinderten-Angabe) und keine Religionszugehörigkeit erfassen. Zugriff beschränken, Datei verschlüsseln/passwortgeschützt speichern, Löschfristen definieren.
B32: Haftungsausschluss | C32: Die Vorlage ist eine fachliche Arbeitshilfe, keine Rechtsberatung. Prüfregeln bilden Standardfälle ab; Tarifverträge und Betriebsvereinbarungen können abweichen.

Sheet Mitarbeiterstamm
A1: Mitarbeiterstammdaten – Arbeitszeiterfassung
A2: Zeile 5 ist ein Beispiel (Max Mustermann) – überschreiben oder löschen. Eingabe: blau/weiß · berechnet: grau · Pflichtfelder: siehe Blatt „Feldbeschreibung“. Ab Zeile 5 bis Zeile 304 stehen Eingabe- und Prüfformeln bereit.
A3: PERSONALDATEN | N3: ARBEITSVERHÄLTNIS | AB3: ARBEITSZEIT | AU3: URLAUB | BA3: ENTGELT (PRÜFUNG) | BE3: AUTOMATISCHE PRÜFUNG
A4: Personal-Nr. | B4: Nachname | C4: Vorname | D4: Anrede | E4: Titel | F4: Geburtsdatum | G4: Geschlecht | H4: Straße, Hausnr. | I4: PLZ | J4: Wohnort | K4: E-Mail | L4: Telefon | M4: Schwerbehinderung / Gleichstellung | N4: Eintrittsdatum | O4: Austrittsdatum | P4: Status | Q4: Beschäftigungsart | R4: Befristet? | S4: Befristet bis | T4: Probezeit bis | U4: Funktion / Stelle | V4: Abteilung | W4: Kostenstelle | X4: Standort | Y4: Bundesland Arbeitsort | Z4: Vorgesetzter (Personal-Nr.) | AA4: Tarifvertrag / Betriebsvereinbarung | AB4: Arbeitszeitmodell | AC4: Vertragliche Wochenstunden | AD4: Arbeitstage / Woche | AE4: Ø Soll-Std. / Arbeitstag | AF4: Wochenstd. lt. Modell | AG4: Art der Zeiterfassung | AH4: Gleitzeit? | AI4: Arbeitszeitkonto? | AJ4: Konto max. Plus (Std.) | AK4: Konto max. Minus (Std.) | AL4: Überstundenregelung | AM4: Pauschal abgegolten (Std./Monat) | AN4: Nachtarbeitnehmer? | AO4: Schichtarbeit? | AP4: Sonn-/Feiertagsarbeit vorgesehen? | AQ4: Bereitschaft | AR4: Mobiles Arbeiten (Tage/Woche) | AS4: Startsaldo Zeitkonto (Std.) | AT4: Startsaldo zum | AU4: Urlaubstage / Jahr (vertraglich) | AV4: Gesetzl. Mindesturlaub (Tage) | AW4: Zusatzurlaub Schwerbeh. (Tage) | AX4: Resturlaub Vorjahr (Tage) | AY4: Resturlaub verfällt am | AZ4: Urlaubsanspruch gesamt (Tage) | BA4: Entgeltart | BB4: Brutto-Monatsentgelt (€) | BC4: Stundenlohn (€) | BD4: Effektiver Stundenlohn (€) | BE4: Alter | BF4: Jugendlich (< 18)? | BG4: Plausibilität | BH4: Bemerkung
A5: 1001 | B5: Mustermann | C5: Max | D5: Herr | F5: 33007 | G5: männlich | H5: Musterstraße 1 | I5: 12345 | J5: Musterstadt | K5: max.mustermann@beispiel.de | M5: Nein | N5: 44621 | P5: Aktiv | Q5: Vollzeit | R5: Nein | T5: 44804 | U5: Sachbearbeiter | V5: Verwaltung | W5: 100 | X5: Hauptsitz | Y5: Nordrhein-Westfalen | Z5: 1000 | AA5: Arbeitsvertrag | AB5: VZ-40 | AC5: 40 | AD5: 5 | AE5: =IF(OR(A5="",NOT(ISNUMBER(AC5)),NOT(ISNUMBER(AD5))),"",IF(AD5>0,AC5/AD5,"")) -> 8 | AF5: =IF(OR(A5="",AB5=""),"",IFERROR(INDEX(Arbeitszeitmodelle!$C$5:$C$34,MATCH(AB5,Arbeitszeitmodelle!$A$5:$A$34,0)),"")) -> 40 | AG5: App / Web-Erfassung | AH5: Ja | AI5: Ja | AJ5: 80 | AK5: 40 | AL5: Freizeitausgleich | AN5: Nein | AO5: Nein | AP5: Nein | AQ5: Keine | AR5: 2 | AS5: 0 | AT5: 46023 | AU5: 30 | AV5: =IF(OR(A5="",NOT(ISNUMBER(AD5))),"",P_MinUrlaubWerktage/6*AD5) -> 20 | AW5: =IF(A5="","",IF(M5="Ja",P_ZusatzSB*IF(ISNUMBER(AD5),AD5,5)/5,0)) -> 0 | AX5: 3 | AY5: 46477 | AZ5: =IF(OR(A5="",NOT(ISNUMBER(AU5))),"",SUM(AU5,AW5,AX5)) -> 33 | BA5: Monatsgehalt | BB5: 3800 | BD5: =IF(A5="","",IF(BA5="Stundenlohn",IF(ISNUMBER(BC5),BC5,""),IF(AND(ISNUMBER(BB5),ISNUMBER(AC5)),IF(AC5>0,BB5*12/(AC5*52),""),""))) -> 21.923077 | BE5: =IF(OR(A5="",NOT(ISNUMBER(F5))),"",IFERROR(DATEDIF(F5,P_Stichtag,"Y"),"")) -> 36 | BF5: =IF(OR(A5="",NOT(ISNUMBER(BE5))),"",IF(BE5<18,"Ja","Nein")) -> Nein | BG5: =IF(A5="","",IF((IF(OR(B5="",C5="",F5="",N5="",Q5="",AB5="",AC5="",AD5="",AU5=""),"Pflichtfelder fehlen; ","")&IF(AND(ISNUMBER(AC5),AC5>P_MaxWoche),"Wochenstunden > Prüfgrenze; ","")&IF(AND(BF5="Ja",ISNUMBER(AC5),AC5>P_MaxWocheJugend),"Jugendlicher > 40 h/Woche; ","")&IF(AND(ISNUMBER(BD5),BD5<P_Mindestlohn,Q5<>"Auszubildende/r",Q5<>"Praktikant/in"),"Mindestlohn unterschritten?; ","")&IF(AND(Q5="Minijob (geringfügig)",ISNUMBER(BB5),BB5>P_Minijob),"Minijob-Grenze überschritten; ","")&IF(AND(R5="Ja",S5=""),"Befristung ohne Enddatum; ","")&IF(AND(ISNUMBER(O5),ISNUMBER(N5),O5<N5),"Austritt vor Eintritt; ","")&IF(AND(ISNUMBER(AU5),ISNUMBER(AV5),AU5<AV5),"Urlaub unter gesetzl. Minimum; ","")&IF(AND(ISNUMBER(AC5),ISNUMBER(AF5),ABS(N(AC5)-N(AF5))>0.01),"Wochenstd. weichen vom Modell ab; ","")&IF(AND(AI5="Ja",OR(AJ5="",AK5="")),"Kontogrenzen fehlen; ","")&IF(AND(AL5="Mit Gehalt abgegolten (Pauschale)",AM5=""),"Überstunden-Pauschale fehlt; ",""))="","OK",IF(OR(B5="",C5="",F5="",N5="",Q5="",AB5="",AC5="",AD5="",AU5=""),"Pflichtfelder fehlen; ","")&IF(AND(ISNUMBER(AC5),AC5>P_MaxWoche),"Wochenstunden > Prüfgrenze; ","")&IF(AND(BF5="Ja",ISNUMBER(AC5),AC5>P_MaxWocheJugend),"Jugendlicher > 40 h/Woche; ","")&IF(AND(ISNUMBER(BD5),BD5<P_Mindestlohn,Q5<>"Auszubildende/r",Q5<>"Praktikant/in"),"Mindestlohn unterschritten?; ","")&IF(AND(Q5="Minijob (geringfügig)",ISNUMBER(BB5),BB5>P_Minijob),"Minijob-Grenze überschritten; ","")&IF(AND(R5="Ja",S5=""),"Befristung ohne Enddatum; ","")&IF(AND(ISNUMBER(O5),ISNUMBER(N5),O5<N5),"Austritt vor Eintritt; ","")&IF(AND(ISNUMBER(AU5),ISNUMBER(AV5),AU5<AV5),"Urlaub unter gesetzl. Minimum; ","")&IF(AND(ISNUMBER(AC5),ISNUMBER(AF5),ABS(N(AC5)-N(AF5))>0.01),"Wochenstd. weichen vom Modell ab; ","")&IF(AND(AI5="Ja",OR(AJ5="",AK5="")),"Kontogrenzen fehlen; ","")&IF(AND(AL5="Mit Gehalt abgegolten (Pauschale)",AM5=""),"Überstunden-Pauschale fehlt; ",""))) -> OK
AE6: =IF(OR(A6="",NOT(ISNUMBER(AC6)),NOT(ISNUMBER(AD6))),"",IF(AD6>0,AC6/AD6,"")) | AF6: =IF(OR(A6="",AB6=""),"",IFERROR(INDEX(Arbeitszeitmodelle!$C$5:$C$34,MATCH(AB6,Arbeitszeitmodelle!$A$5:$A$34,0)),"")) | AV6: =IF(OR(A6="",NOT(ISNUMBER(AD6))),"",P_MinUrlaubWerktage/6*AD6) | AW6: =IF(A6="","",IF(M6="Ja",P_ZusatzSB*IF(ISNUMBER(AD6),AD6,5)/5,0)) | AZ6: =IF(OR(A6="",NOT(ISNUMBER(AU6))),"",SUM(AU6,AW6,AX6)) | BD6: =IF(A6="","",IF(BA6="Stundenlohn",IF(ISNUMBER(BC6),BC6,""),IF(AND(ISNUMBER(BB6),ISNUMBER(AC6)),IF(AC6>0,BB6*12/(AC6*52),""),""))) | BE6: =IF(OR(A6="",NOT(ISNUMBER(F6))),"",IFERROR(DATEDIF(F6,P_Stichtag,"Y"),"")) | BF6: =IF(OR(A6="",NOT(ISNUMBER(BE6))),"",IF(BE6<18,"Ja","Nein")) | BG6: =IF(A6="","",IF((IF(OR(B6="",C6="",F6="",N6="",Q6="",AB6="",AC6="",AD6="",AU6=""),"Pflichtfelder fehlen; ","")&IF(AND(ISNUMBER(AC6),AC6>P_MaxWoche),"Wochenstunden > Prüfgrenze; ","")&IF(AND(BF6="Ja",ISNUMBER(AC6),AC6>P_MaxWocheJugend),"Jugendlicher > 40 h/Woche; ","")&IF(AND(ISNUMBER(BD6),BD6<P_Mindestlohn,Q6<>"Auszubildende/r",Q6<>"Praktikant/in"),"Mindestlohn unterschritten?; ","")&IF(AND(Q6="Minijob (geringfügig)",ISNUMBER(BB6),BB6>P_Minijob),"Minijob-Grenze überschritten; ","")&IF(AND(R6="Ja",S6=""),"Befristung ohne Enddatum; ","")&IF(AND(ISNUMBER(O6),ISNUMBER(N6),O6<N6),"Austritt vor Eintritt; ","")&IF(AND(ISNUMBER(AU6),ISNUMBER(AV6),AU6<AV6),"Urlaub unter gesetzl. Minimum; ","")&IF(AND(ISNUMBER(AC6),ISNUMBER(AF6),ABS(N(AC6)-N(AF6))>0.01),"Wochenstd. weichen vom Modell ab; ","")&IF(AND(AI6="Ja",OR(AJ6="",AK6="")),"Kontogrenzen fehlen; ","")&IF(AND(AL6="Mit Gehalt abgegolten (Pauschale)",AM6=""),"Überstunden-Pauschale fehlt; ",""))="","OK",IF(OR(B6="",C6="",F6="",N6="",Q6="",AB6="",AC6="",AD6="",AU6=""),"Pflichtfelder fehlen; ","")&IF(AND(ISNUMBER(AC6),AC6>P_MaxWoche),"Wochenstunden > Prüfgrenze; ","")&IF(AND(BF6="Ja",ISNUMBER(AC6),AC6>P_MaxWocheJugend),"Jugendlicher > 40 h/Woche; ","")&IF(AND(ISNUMBER(BD6),BD6<P_Mindestlohn,Q6<>"Auszubildende/r",Q6<>"Praktikant/in"),"Mindestlohn unterschritten?; ","")&IF(AND(Q6="Minijob (geringfügig)",ISNUMBER(BB6),BB6>P_Minijob),"Minijob-Grenze überschritten; ","")&IF(AND(R6="Ja",S6=""),"Befristung ohne Enddatum; ","")&IF(AND(ISNUMBER(O6),ISNUMBER(N6),O6<N6),"Austritt vor Eintritt; ","")&IF(AND(ISNUMBER(AU6),ISNUMBER(AV6),AU6<AV6),"Urlaub unter gesetzl. Minimum; ","")&IF(AND(ISNUMBER(AC6),ISNUMBER(AF6),ABS(N(AC6)-N(AF6))>0.01),"Wochenstd. weichen vom Modell ab; ","")&IF(AND(AI6="Ja",OR(AJ6="",AK6="")),"Kontogrenzen fehlen; ","")&IF(AND(AL6="Mit Gehalt abgegolten (Pauschale)",AM6=""),"Überstunden-Pauschale fehlt; ","")))
AE7: =IF(OR(A7="",NOT(ISNUMBER(AC7)),NOT(ISNUMBER(AD7))),"",IF(AD7>0,AC7/AD7,"")) | AF7: =IF(OR(A7="",AB7=""),"",IFERROR(INDEX(Arbeitszeitmodelle!$C$5:$C$34,MATCH(AB7,Arbeitszeitmodelle!$A$5:$A$34,0)),"")) | AV7: =IF(OR(A7="",NOT(ISNUMBER(AD7))),"",P_MinUrlaubWerktage/6*AD7) | AW7: =IF(A7="","",IF(M7="Ja",P_ZusatzSB*IF(ISNUMBER(AD7),AD7,5)/5,0)) | AZ7: =IF(OR(A7="",NOT(ISNUMBER(AU7))),"",SUM(AU7,AW7,AX7)) | BD7: =IF(A7="","",IF(BA7="Stundenlohn",IF(ISNUMBER(BC7),BC7,""),IF(AND(ISNUMBER(BB7),ISNUMBER(AC7)),IF(AC7>0,BB7*12/(AC7*52),""),""))) | BE7: =IF(OR(A7="",NOT(ISNUMBER(F7))),"",IFERROR(DATEDIF(F7,P_Stichtag,"Y"),"")) | BF7: =IF(OR(A7="",NOT(ISNUMBER(BE7))),"",IF(BE7<18,"Ja","Nein")) | BG7: =IF(A7="","",IF((IF(OR(B7="",C7="",F7="",N7="",Q7="",AB7="",AC7="",AD7="",AU7=""),"Pflichtfelder fehlen; ","")&IF(AND(ISNUMBER(AC7),AC7>P_MaxWoche),"Wochenstunden > Prüfgrenze; ","")&IF(AND(BF7="Ja",ISNUMBER(AC7),AC7>P_MaxWocheJugend),"Jugendlicher > 40 h/Woche; ","")&IF(AND(ISNUMBER(BD7),BD7<P_Mindestlohn,Q7<>"Auszubildende/r",Q7<>"Praktikant/in"),"Mindestlohn unterschritten?; ","")&IF(AND(Q7="Minijob (geringfügig)",ISNUMBER(BB7),BB7>P_Minijob),"Minijob-Grenze überschritten; ","")&IF(AND(R7="Ja",S7=""),"Befristung ohne Enddatum; ","")&IF(AND(ISNUMBER(O7),ISNUMBER(N7),O7<N7),"Austritt vor Eintritt; ","")&IF(AND(ISNUMBER(AU7),ISNUMBER(AV7),AU7<AV7),"Urlaub unter gesetzl. Minimum; ","")&IF(AND(ISNUMBER(AC7),ISNUMBER(AF7),ABS(N(AC7)-N(AF7))>0.01),"Wochenstd. weichen vom Modell ab; ","")&IF(AND(AI7="Ja",OR(AJ7="",AK7="")),"Kontogrenzen fehlen; ","")&IF(AND(AL7="Mit Gehalt abgegolten (Pauschale)",AM7=""),"Überstunden-Pauschale fehlt; ",""))="","OK",IF(OR(B7="",C7="",F7="",N7="",Q7="",AB7="",AC7="",AD7="",AU7=""),"Pflichtfelder fehlen; ","")&IF(AND(ISNUMBER(AC7),AC7>P_MaxWoche),"Wochenstunden > Prüfgrenze; ","")&IF(AND(BF7="Ja",ISNUMBER(AC7),AC7>P_MaxWocheJugend),"Jugendlicher > 40 h/Woche; ","")&IF(AND(ISNUMBER(BD7),BD7<P_Mindestlohn,Q7<>"Auszubildende/r",Q7<>"Praktikant/in"),"Mindestlohn unterschritten?; ","")&IF(AND(Q7="Minijob (geringfügig)",ISNUMBER(BB7),BB7>P_Minijob),"Minijob-Grenze überschritten; ","")&IF(AND(R7="Ja",S7=""),"Befristung ohne Enddatum; ","")&IF(AND(ISNUMBER(O7),ISNUMBER(N7),O7<N7),"Austritt vor Eintritt; ","")&IF(AND(ISNUMBER(AU7),ISNUMBER(AV7),AU7<AV7),"Urlaub unter gesetzl. Minimum; ","")&IF(AND(ISNUMBER(AC7),ISNUMBER(AF7),ABS(N(AC7)-N(AF7))>0.01),"Wochenstd. weichen vom Modell ab; ","")&IF(AND(AI7="Ja",OR(AJ7="",AK7="")),"Kontogrenzen fehlen; ","")&IF(AND(AL7="Mit Gehalt abgegolten (Pauschale)",AM7=""),"Überstunden-Pauschale fehlt; ","")))
AE8: =IF(OR(A8="",NOT(ISNUMBER(AC8)),NOT(ISNUMBER(AD8))),"",IF(AD8>0,AC8/AD8,"")) | AF8: =IF(OR(A8="",AB8=""),"",IFERROR(INDEX(Arbeitszeitmodelle!$C$5:$C$34,MATCH(AB8,Arbeitszeitmodelle!$A$5:$A$34,0)),"")) | AV8: =IF(OR(A8="",NOT(ISNUMBER(AD8))),"",P_MinUrlaubWerktage/6*AD8) | AW8: =IF(A8="","",IF(M8="Ja",P_ZusatzSB*IF(ISNUMBER(AD8),AD8,5)/5,0)) | AZ8: =IF(OR(A8="",NOT(ISNUMBER(AU8))),"",SUM(AU8,AW8,AX8)) | BD8: =IF(A8="","",IF(BA8="Stundenlohn",IF(ISNUMBER(BC8),BC8,""),IF(AND(ISNUMBER(BB8),ISNUMBER(AC8)),IF(AC8>0,BB8*12/(AC8*52),""),""))) | BE8: =IF(OR(A8="",NOT(ISNUMBER(F8))),"",IFERROR(DATEDIF(F8,P_Stichtag,"Y"),"")) | BF8: =IF(OR(A8="",NOT(ISNUMBER(BE8))),"",IF(BE8<18,"Ja","Nein")) | BG8: =IF(A8="","",IF((IF(OR(B8="",C8="",F8="",N8="",Q8="",AB8="",AC8="",AD8="",AU8=""),"Pflichtfelder fehlen; ","")&IF(AND(ISNUMBER(AC8),AC8>P_MaxWoche),"Wochenstunden > Prüfgrenze; ","")&IF(AND(BF8="Ja",ISNUMBER(AC8),AC8>P_MaxWocheJugend),"Jugendlicher > 40 h/Woche; ","")&IF(AND(ISNUMBER(BD8),BD8<P_Mindestlohn,Q8<>"Auszubildende/r",Q8<>"Praktikant/in"),"Mindestlohn unterschritten?; ","")&IF(AND(Q8="Minijob (geringfügig)",ISNUMBER(BB8),BB8>P_Minijob),"Minijob-Grenze überschritten; ","")&IF(AND(R8="Ja",S8=""),"Befristung ohne Enddatum; ","")&IF(AND(ISNUMBER(O8),ISNUMBER(N8),O8<N8),"Austritt vor Eintritt; ","")&IF(AND(ISNUMBER(AU8),ISNUMBER(AV8),AU8<AV8),"Urlaub unter gesetzl. Minimum; ","")&IF(AND(ISNUMBER(AC8),ISNUMBER(AF8),ABS(N(AC8)-N(AF8))>0.01),"Wochenstd. weichen vom Modell ab; ","")&IF(AND(AI8="Ja",OR(AJ8="",AK8="")),"Kontogrenzen fehlen; ","")&IF(AND(AL8="Mit Gehalt abgegolten (Pauschale)",AM8=""),"Überstunden-Pauschale fehlt; ",""))="","OK",IF(OR(B8="",C8="",F8="",N8="",Q8="",AB8="",AC8="",AD8="",AU8=""),"Pflichtfelder fehlen; ","")&IF(AND(ISNUMBER(AC8),AC8>P_MaxWoche),"Wochenstunden > Prüfgrenze; ","")&IF(AND(BF8="Ja",ISNUMBER(AC8),AC8>P_MaxWocheJugend),"Jugendlicher > 40 h/Woche; ","")&IF(AND(ISNUMBER(BD8),BD8<P_Mindestlohn,Q8<>"Auszubildende/r",Q8<>"Praktikant/in"),"Mindestlohn unterschritten?; ","")&IF(AND(Q8="Minijob (geringfügig)",ISNUMBER(BB8),BB8>P_Minijob),"Minijob-Grenze überschritten; ","")&IF(AND(R8="Ja",S8=""),"Befristung ohne Enddatum; ","")&IF(AND(ISNUMBER(O8),ISNUMBER(N8),O8<N8),"Austritt vor Eintritt; ","")&IF(AND(ISNUMBER(AU8),ISNUMBER(AV8),AU8<AV8),"Urlaub unter gesetzl. Minimum; ","")&IF(AND(ISNUMBER(AC8),ISNUMBER(AF8),ABS(N(AC8)-N(AF8))>0.01),"Wochenstd. weichen vom Modell ab; ","")&IF(AND(AI8="Ja",OR(AJ8="",AK8="")),"Kontogrenzen fehlen; ","")&IF(AND(AL8="Mit Gehalt abgegolten (Pauschale)",AM8=""),"Überstunden-Pauschale fehlt; ","")))
AE9: =IF(OR(A9="",NOT(ISNUMBER(AC9)),NOT(ISNUMBER(AD9))),"",IF(AD9>0,AC9/AD9,"")) | AF9: =IF(OR(A9="",AB9=""),"",IFERROR(INDEX(Arbeitszeitmodelle!$C$5:$C$34,MATCH(AB9,Arbeitszeitmodelle!$A$5:$A$34,0)),"")) | AV9: =IF(OR(A9="",NOT(ISNUMBER(AD9))),"",P_MinUrlaubWerktage/6*AD9) | AW9: =IF(A9="","",IF(M9="Ja",P_ZusatzSB*IF(ISNUMBER(AD9),AD9,5)/5,0)) | AZ9: =IF(OR(A9="",NOT(ISNUMBER(AU9))),"",SUM(AU9,AW9,AX9)) | BD9: =IF(A9="","",IF(BA9="Stundenlohn",IF(ISNUMBER(BC9),BC9,""),IF(AND(ISNUMBER(BB9),ISNUMBER(AC9)),IF(AC9>0,BB9*12/(AC9*52),""),""))) | BE9: =IF(OR(A9="",NOT(ISNUMBER(F9))),"",IFERROR(DATEDIF(F9,P_Stichtag,"Y"),"")) | BF9: =IF(OR(A9="",NOT(ISNUMBER(BE9))),"",IF(BE9<18,"Ja","Nein")) | BG9: =IF(A9="","",IF((IF(OR(B9="",C9="",F9="",N9="",Q9="",AB9="",AC9="",AD9="",AU9=""),"Pflichtfelder fehlen; ","")&IF(AND(ISNUMBER(AC9),AC9>P_MaxWoche),"Wochenstunden > Prüfgrenze; ","")&IF(AND(BF9="Ja",ISNUMBER(AC9),AC9>P_MaxWocheJugend),"Jugendlicher > 40 h/Woche; ","")&IF(AND(ISNUMBER(BD9),BD9<P_Mindestlohn,Q9<>"Auszubildende/r",Q9<>"Praktikant/in"),"Mindestlohn unterschritten?; ","")&IF(AND(Q9="Minijob (geringfügig)",ISNUMBER(BB9),BB9>P_Minijob),"Minijob-Grenze überschritten; ","")&IF(AND(R9="Ja",S9=""),"Befristung ohne Enddatum; ","")&IF(AND(ISNUMBER(O9),ISNUMBER(N9),O9<N9),"Austritt vor Eintritt; ","")&IF(AND(ISNUMBER(AU9),ISNUMBER(AV9),AU9<AV9),"Urlaub unter gesetzl. Minimum; ","")&IF(AND(ISNUMBER(AC9),ISNUMBER(AF9),ABS(N(AC9)-N(AF9))>0.01),"Wochenstd. weichen vom Modell ab; ","")&IF(AND(AI9="Ja",OR(AJ9="",AK9="")),"Kontogrenzen fehlen; ","")&IF(AND(AL9="Mit Gehalt abgegolten (Pauschale)",AM9=""),"Überstunden-Pauschale fehlt; ",""))="","OK",IF(OR(B9="",C9="",F9="",N9="",Q9="",AB9="",AC9="",AD9="",AU9=""),"Pflichtfelder fehlen; ","")&IF(AND(ISNUMBER(AC9),AC9>P_MaxWoche),"Wochenstunden > Prüfgrenze; ","")&IF(AND(BF9="Ja",ISNUMBER(AC9),AC9>P_MaxWocheJugend),"Jugendlicher > 40 h/Woche; ","")&IF(AND(ISNUMBER(BD9),BD9<P_Mindestlohn,Q9<>"Auszubildende/r",Q9<>"Praktikant/in"),"Mindestlohn unterschritten?; ","")&IF(AND(Q9="Minijob (geringfügig)",ISNUMBER(BB9),BB9>P_Minijob),"Minijob-Grenze überschritten; ","")&IF(AND(R9="Ja",S9=""),"Befristung ohne Enddatum; ","")&IF(AND(ISNUMBER(O9),ISNUMBER(N9),O9<N9),"Austritt vor Eintritt; ","")&IF(AND(ISNUMBER(AU9),ISNUMBER(AV9),AU9<AV9),"Urlaub unter gesetzl. Minimum; ","")&IF(AND(ISNUMBER(AC9),ISNUMBER(AF9),ABS(N(AC9)-N(AF9))>0.01),"Wochenstd. weichen vom Modell ab; ","")&IF(AND(AI9="Ja",OR(AJ9="",AK9="")),"Kontogrenzen fehlen; ","")&IF(AND(AL9="Mit Gehalt abgegolten (Pauschale)",AM9=""),"Überstunden-Pauschale fehlt; ","")))
AE10: =IF(OR(A10="",NOT(ISNUMBER(AC10)),NOT(ISNUMBER(AD10))),"",IF(AD10>0,AC10/AD10,"")) | AF10: =IF(OR(A10="",AB10=""),"",IFERROR(INDEX(Arbeitszeitmodelle!$C$5:$C$34,MATCH(AB10,Arbeitszeitmodelle!$A$5:$A$34,0)),"")) | AV10: =IF(OR(A10="",NOT(ISNUMBER(AD10))),"",P_MinUrlaubWerktage/6*AD10) | AW10: =IF(A10="","",IF(M10="Ja",P_ZusatzSB*IF(ISNUMBER(AD10),AD10,5)/5,0)) | AZ10: =IF(OR(A10="",NOT(ISNUMBER(AU10))),"",SUM(AU10,AW10,AX10)) | BD10: =IF(A10="","",IF(BA10="Stundenlohn",IF(ISNUMBER(BC10),BC10,""),IF(AND(ISNUMBER(BB10),ISNUMBER(AC10)),IF(AC10>0,BB10*12/(AC10*52),""),""))) | BE10: =IF(OR(A10="",NOT(ISNUMBER(F10))),"",IFERROR(DATEDIF(F10,P_Stichtag,"Y"),"")) | BF10: =IF(OR(A10="",NOT(ISNUMBER(BE10))),"",IF(BE10<18,"Ja","Nein")) | BG10: =IF(A10="","",IF((IF(OR(B10="",C10="",F10="",N10="",Q10="",AB10="",AC10="",AD10="",AU10=""),"Pflichtfelder fehlen; ","")&IF(AND(ISNUMBER(AC10),AC10>P_MaxWoche),"Wochenstunden > Prüfgrenze; ","")&IF(AND(BF10="Ja",ISNUMBER(AC10),AC10>P_MaxWocheJugend),"Jugendlicher > 40 h/Woche; ","")&IF(AND(ISNUMBER(BD10),BD10<P_Mindestlohn,Q10<>"Auszubildende/r",Q10<>"Praktikant/in"),"Mindestlohn unterschritten?; ","")&IF(AND(Q10="Minijob (geringfügig)",ISNUMBER(BB10),BB10>P_Minijob),"Minijob-Grenze überschritten; ","")&IF(AND(R10="Ja",S10=""),"Befristung ohne Enddatum; ","")&IF(AND(ISNUMBER(O10),ISNUMBER(N10),O10<N10),"Austritt vor Eintritt; ","")&IF(AND(ISNUMBER(AU10),ISNUMBER(AV10),AU10<AV10),"Urlaub unter gesetzl. Minimum; ","")&IF(AND(ISNUMBER(AC10),ISNUMBER(AF10),ABS(N(AC10)-N(AF10))>0.01),"Wochenstd. weichen vom Modell ab; ","")&IF(AND(AI10="Ja",OR(AJ10="",AK10="")),"Kontogrenzen fehlen; ","")&IF(AND(AL10="Mit Gehalt abgegolten (Pauschale)",AM10=""),"Überstunden-Pauschale fehlt; ",""))="","OK",IF(OR(B10="",C10="",F10="",N10="",Q10="",AB10="",AC10="",AD10="",AU10=""),"Pflichtfelder fehlen; ","")&IF(AND(ISNUMBER(AC10),AC10>P_MaxWoche),"Wochenstunden > Prüfgrenze; ","")&IF(AND(BF10="Ja",ISNUMBER(AC10),AC10>P_MaxWocheJugend),"Jugendlicher > 40 h/Woche; ","")&IF(AND(ISNUMBER(BD10),BD10<P_Mindestlohn,Q10<>"Auszubildende/r",Q10<>"Praktikant/in"),"Mindestlohn unterschritten?; ","")&IF(AND(Q10="Minijob (geringfügig)",ISNUMBER(BB10),BB10>P_Minijob),"Minijob-Grenze überschritten; ","")&IF(AND(R10="Ja",S10=""),"Befristung ohne Enddatum; ","")&IF(AND(ISNUMBER(O10),ISNUMBER(N10),O10<N10),"Austritt vor Eintritt; ","")&IF(AND(ISNUMBER(AU10),ISNUMBER(AV10),AU10<AV10),"Urlaub unter gesetzl. Minimum; ","")&IF(AND(ISNUMBER(AC10),ISNUMBER(AF10),ABS(N(AC10)-N(AF10))>0.01),"Wochenstd. weichen vom Modell ab; ","")&IF(AND(AI10="Ja",OR(AJ10="",AK10="")),"Kontogrenzen fehlen; ","")&IF(AND(AL10="Mit Gehalt abgegolten (Pauschale)",AM10=""),"Überstunden-Pauschale fehlt; ","")))
AE11: =IF(OR(A11="",NOT(ISNUMBER(AC11)),NOT(ISNUMBER(AD11))),"",IF(AD11>0,AC11/AD11,"")) | AF11: =IF(OR(A11="",AB11=""),"",IFERROR(INDEX(Arbeitszeitmodelle!$C$5:$C$34,MATCH(AB11,Arbeitszeitmodelle!$A$5:$A$34,0)),"")) | AV11: =IF(OR(A11="",NOT(ISNUMBER(AD11))),"",P_MinUrlaubWerktage/6*AD11) | AW11: =IF(A11="","",IF(M11="Ja",P_ZusatzSB*IF(ISNUMBER(AD11),AD11,5)/5,0)) | AZ11: =IF(OR(A11="",NOT(ISNUMBER(AU11))),"",SUM(AU11,AW11,AX11)) | BD11: =IF(A11="","",IF(BA11="Stundenlohn",IF(ISNUMBER(BC11),BC11,""),IF(AND(ISNUMBER(BB11),ISNUMBER(AC11)),IF(AC11>0,BB11*12/(AC11*52),""),""))) | BE11: =IF(OR(A11="",NOT(ISNUMBER(F11))),"",IFERROR(DATEDIF(F11,P_Stichtag,"Y"),"")) | BF11: =IF(OR(A11="",NOT(ISNUMBER(BE11))),"",IF(BE11<18,"Ja","Nein")) | BG11: =IF(A11="","",IF((IF(OR(B11="",C11="",F11="",N11="",Q11="",AB11="",AC11="",AD11="",AU11=""),"Pflichtfelder fehlen; ","")&IF(AND(ISNUMBER(AC11),AC11>P_MaxWoche),"Wochenstunden > Prüfgrenze; ","")&IF(AND(BF11="Ja",ISNUMBER(AC11),AC11>P_MaxWocheJugend),"Jugendlicher > 40 h/Woche; ","")&IF(AND(ISNUMBER(BD11),BD11<P_Mindestlohn,Q11<>"Auszubildende/r",Q11<>"Praktikant/in"),"Mindestlohn unterschritten?; ","")&IF(AND(Q11="Minijob (geringfügig)",ISNUMBER(BB11),BB11>P_Minijob),"Minijob-Grenze überschritten; ","")&IF(AND(R11="Ja",S11=""),"Befristung ohne Enddatum; ","")&IF(AND(ISNUMBER(O11),ISNUMBER(N11),O11<N11),"Austritt vor Eintritt; ","")&IF(AND(ISNUMBER(AU11),ISNUMBER(AV11),AU11<AV11),"Urlaub unter gesetzl. Minimum; ","")&IF(AND(ISNUMBER(AC11),ISNUMBER(AF11),ABS(N(AC11)-N(AF11))>0.01),"Wochenstd. weichen vom Modell ab; ","")&IF(AND(AI11="Ja",OR(AJ11="",AK11="")),"Kontogrenzen fehlen; ","")&IF(AND(AL11="Mit Gehalt abgegolten (Pauschale)",AM11=""),"Überstunden-Pauschale fehlt; ",""))="","OK",IF(OR(B11="",C11="",F11="",N11="",Q11="",AB11="",AC11="",AD11="",AU11=""),"Pflichtfelder fehlen; ","")&IF(AND(ISNUMBER(AC11),AC11>P_MaxWoche),"Wochenstunden > Prüfgrenze; ","")&IF(AND(BF11="Ja",ISNUMBER(AC11),AC11>P_MaxWocheJugend),"Jugendlicher > 40 h/Woche; ","")&IF(AND(ISNUMBER(BD11),BD11<P_Mindestlohn,Q11<>"Auszubildende/r",Q11<>"Praktikant/in"),"Mindestlohn unterschritten?; ","")&IF(AND(Q11="Minijob (geringfügig)",ISNUMBER(BB11),BB11>P_Minijob),"Minijob-Grenze überschritten; ","")&IF(AND(R11="Ja",S11=""),"Befristung ohne Enddatum; ","")&IF(AND(ISNUMBER(O11),ISNUMBER(N11),O11<N11),"Austritt vor Eintritt; ","")&IF(AND(ISNUMBER(AU11),ISNUMBER(AV11),AU11<AV11),"Urlaub unter gesetzl. Minimum; ","")&IF(AND(ISNUMBER(AC11),ISNUMBER(AF11),ABS(N(AC11)-N(AF11))>0.01),"Wochenstd. weichen vom Modell ab; ","")&IF(AND(AI11="Ja",OR(AJ11="",AK11="")),"Kontogrenzen fehlen; ","")&IF(AND(AL11="Mit Gehalt abgegolten (Pauschale)",AM11=""),"Überstunden-Pauschale fehlt; ","")))
AE12: =IF(OR(A12="",NOT(ISNUMBER(AC12)),NOT(ISNUMBER(AD12))),"",IF(AD12>0,AC12/AD12,"")) | AF12: =IF(OR(A12="",AB12=""),"",IFERROR(INDEX(Arbeitszeitmodelle!$C$5:$C$34,MATCH(AB12,Arbeitszeitmodelle!$A$5:$A$34,0)),"")) | AV12: =IF(OR(A12="",NOT(ISNUMBER(AD12))),"",P_MinUrlaubWerktage/6*AD12) | AW12: =IF(A12="","",IF(M12="Ja",P_ZusatzSB*IF(ISNUMBER(AD12),AD12,5)/5,0)) | AZ12: =IF(OR(A12="",NOT(ISNUMBER(AU12))),"",SUM(AU12,AW12,AX12)) | BD12: =IF(A12="","",IF(BA12="Stundenlohn",IF(ISNUMBER(BC12),BC12,""),IF(AND(ISNUMBER(BB12),ISNUMBER(AC12)),IF(AC12>0,BB12*12/(AC12*52),""),""))) | BE12: =IF(OR(A12="",NOT(ISNUMBER(F12))),"",IFERROR(DATEDIF(F12,P_Stichtag,"Y"),"")) | BF12: =IF(OR(A12="",NOT(ISNUMBER(BE12))),"",IF(BE12<18,"Ja","Nein")) | BG12: =IF(A12="","",IF((IF(OR(B12="",C12="",F12="",N12="",Q12="",AB12="",AC12="",AD12="",AU12=""),"Pflichtfelder fehlen; ","")&IF(AND(ISNUMBER(AC12),AC12>P_MaxWoche),"Wochenstunden > Prüfgrenze; ","")&IF(AND(BF12="Ja",ISNUMBER(AC12),AC12>P_MaxWocheJugend),"Jugendlicher > 40 h/Woche; ","")&IF(AND(ISNUMBER(BD12),BD12<P_Mindestlohn,Q12<>"Auszubildende/r",Q12<>"Praktikant/in"),"Mindestlohn unterschritten?; ","")&IF(AND(Q12="Minijob (geringfügig)",ISNUMBER(BB12),BB12>P_Minijob),"Minijob-Grenze überschritten; ","")&IF(AND(R12="Ja",S12=""),"Befristung ohne Enddatum; ","")&IF(AND(ISNUMBER(O12),ISNUMBER(N12),O12<N12),"Austritt vor Eintritt; ","")&IF(AND(ISNUMBER(AU12),ISNUMBER(AV12),AU12<AV12),"Urlaub unter gesetzl. Minimum; ","")&IF(AND(ISNUMBER(AC12),ISNUMBER(AF12),ABS(N(AC12)-N(AF12))>0.01),"Wochenstd. weichen vom Modell ab; ","")&IF(AND(AI12="Ja",OR(AJ12="",AK12="")),"Kontogrenzen fehlen; ","")&IF(AND(AL12="Mit Gehalt abgegolten (Pauschale)",AM12=""),"Überstunden-Pauschale fehlt; ",""))="","OK",IF(OR(B12="",C12="",F12="",N12="",Q12="",AB12="",AC12="",AD12="",AU12=""),"Pflichtfelder fehlen; ","")&IF(AND(ISNUMBER(AC12),AC12>P_MaxWoche),"Wochenstunden > Prüfgrenze; ","")&IF(AND(BF12="Ja",ISNUMBER(AC12),AC12>P_MaxWocheJugend),"Jugendlicher > 40 h/Woche; ","")&IF(AND(ISNUMBER(BD12),BD12<P_Mindestlohn,Q12<>"Auszubildende/r",Q12<>"Praktikant/in"),"Mindestlohn unterschritten?; ","")&IF(AND(Q12="Minijob (geringfügig)",ISNUMBER(BB12),BB12>P_Minijob),"Minijob-Grenze überschritten; ","")&IF(AND(R12="Ja",S12=""),"Befristung ohne Enddatum; ","")&IF(AND(ISNUMBER(O12),ISNUMBER(N12),O12<N12),"Austritt vor Eintritt; ","")&IF(AND(ISNUMBER(AU12),ISNUMBER(AV12),AU12<AV12),"Urlaub unter gesetzl. Minimum; ","")&IF(AND(ISNUMBER(AC12),ISNUMBER(AF12),ABS(N(AC12)-N(AF12))>0.01),"Wochenstd. weichen vom Modell ab; ","")&IF(AND(AI12="Ja",OR(AJ12="",AK12="")),"Kontogrenzen fehlen; ","")&IF(AND(AL12="Mit Gehalt abgegolten (Pauschale)",AM12=""),"Überstunden-Pauschale fehlt; ","")))
AE13: =IF(OR(A13="",NOT(ISNUMBER(AC13)),NOT(ISNUMBER(AD13))),"",IF(AD13>0,AC13/AD13,"")) | AF13: =IF(OR(A13="",AB13=""),"",IFERROR(INDEX(Arbeitszeitmodelle!$C$5:$C$34,MATCH(AB13,Arbeitszeitmodelle!$A$5:$A$34,0)),"")) | AV13: =IF(OR(A13="",NOT(ISNUMBER(AD13))),"",P_MinUrlaubWerktage/6*AD13) | AW13: =IF(A13="","",IF(M13="Ja",P_ZusatzSB*IF(ISNUMBER(AD13),AD13,5)/5,0)) | AZ13: =IF(OR(A13="",NOT(ISNUMBER(AU13))),"",SUM(AU13,AW13,AX13)) | BD13: =IF(A13="","",IF(BA13="Stundenlohn",IF(ISNUMBER(BC13),BC13,""),IF(AND(ISNUMBER(BB13),ISNUMBER(AC13)),IF(AC13>0,BB13*12/(AC13*52),""),""))) | BE13: =IF(OR(A13="",NOT(ISNUMBER(F13))),"",IFERROR(DATEDIF(F13,P_Stichtag,"Y"),"")) | BF13: =IF(OR(A13="",NOT(ISNUMBER(BE13))),"",IF(BE13<18,"Ja","Nein")) | BG13: =IF(A13="","",IF((IF(OR(B13="",C13="",F13="",N13="",Q13="",AB13="",AC13="",AD13="",AU13=""),"Pflichtfelder fehlen; ","")&IF(AND(ISNUMBER(AC13),AC13>P_MaxWoche),"Wochenstunden > Prüfgrenze; ","")&IF(AND(BF13="Ja",ISNUMBER(AC13),AC13>P_MaxWocheJugend),"Jugendlicher > 40 h/Woche; ","")&IF(AND(ISNUMBER(BD13),BD13<P_Mindestlohn,Q13<>"Auszubildende/r",Q13<>"Praktikant/in"),"Mindestlohn unterschritten?; ","")&IF(AND(Q13="Minijob (geringfügig)",ISNUMBER(BB13),BB13>P_Minijob),"Minijob-Grenze überschritten; ","")&IF(AND(R13="Ja",S13=""),"Befristung ohne Enddatum; ","")&IF(AND(ISNUMBER(O13),ISNUMBER(N13),O13<N13),"Austritt vor Eintritt; ","")&IF(AND(ISNUMBER(AU13),ISNUMBER(AV13),AU13<AV13),"Urlaub unter gesetzl. Minimum; ","")&IF(AND(ISNUMBER(AC13),ISNUMBER(AF13),ABS(N(AC13)-N(AF13))>0.01),"Wochenstd. weichen vom Modell ab; ","")&IF(AND(AI13="Ja",OR(AJ13="",AK13="")),"Kontogrenzen fehlen; ","")&IF(AND(AL13="Mit Gehalt abgegolten (Pauschale)",AM13=""),"Überstunden-Pauschale fehlt; ",""))="","OK",IF(OR(B13="",C13="",F13="",N13="",Q13="",AB13="",AC13="",AD13="",AU13=""),"Pflichtfelder fehlen; ","")&IF(AND(ISNUMBER(AC13),AC13>P_MaxWoche),"Wochenstunden > Prüfgrenze; ","")&IF(AND(BF13="Ja",ISNUMBER(AC13),AC13>P_MaxWocheJugend),"Jugendlicher > 40 h/Woche; ","")&IF(AND(ISNUMBER(BD13),BD13<P_Mindestlohn,Q13<>"Auszubildende/r",Q13<>"Praktikant/in"),"Mindestlohn unterschritten?; ","")&IF(AND(Q13="Minijob (geringfügig)",ISNUMBER(BB13),BB13>P_Minijob),"Minijob-Grenze überschritten; ","")&IF(AND(R13="Ja",S13=""),"Befristung ohne Enddatum; ","")&IF(AND(ISNUMBER(O13),ISNUMBER(N13),O13<N13),"Austritt vor Eintritt; ","")&IF(AND(ISNUMBER(AU13),ISNUMBER(AV13),AU13<AV13),"Urlaub unter gesetzl. Minimum; ","")&IF(AND(ISNUMBER(AC13),ISNUMBER(AF13),ABS(N(AC13)-N(AF13))>0.01),"Wochenstd. weichen vom Modell ab; ","")&IF(AND(AI13="Ja",OR(AJ13="",AK13="")),"Kontogrenzen fehlen; ","")&IF(AND(AL13="Mit Gehalt abgegolten (Pauschale)",AM13=""),"Überstunden-Pauschale fehlt; ","")))
AE14: =IF(OR(A14="",NOT(ISNUMBER(AC14)),NOT(ISNUMBER(AD14))),"",IF(AD14>0,AC14/AD14,"")) | AF14: =IF(OR(A14="",AB14=""),"",IFERROR(INDEX(Arbeitszeitmodelle!$C$5:$C$34,MATCH(AB14,Arbeitszeitmodelle!$A$5:$A$34,0)),"")) | AV14: =IF(OR(A14="",NOT(ISNUMBER(AD14))),"",P_MinUrlaubWerktage/6*AD14) | AW14: =IF(A14="","",IF(M14="Ja",P_ZusatzSB*IF(ISNUMBER(AD14),AD14,5)/5,0)) | AZ14: =IF(OR(A14="",NOT(ISNUMBER(AU14))),"",SUM(AU14,AW14,AX14)) | BD14: =IF(A14="","",IF(BA14="Stundenlohn",IF(ISNUMBER(BC14),BC14,""),IF(AND(ISNUMBER(BB14),ISNUMBER(AC14)),IF(AC14>0,BB14*12/(AC14*52),""),""))) | BE14: =IF(OR(A14="",NOT(ISNUMBER(F14))),"",IFERROR(DATEDIF(F14,P_Stichtag,"Y"),"")) | BF14: =IF(OR(A14="",NOT(ISNUMBER(BE14))),"",IF(BE14<18,"Ja","Nein")) | BG14: =IF(A14="","",IF((IF(OR(B14="",C14="",F14="",N14="",Q14="",AB14="",AC14="",AD14="",AU14=""),"Pflichtfelder fehlen; ","")&IF(AND(ISNUMBER(AC14),AC14>P_MaxWoche),"Wochenstunden > Prüfgrenze; ","")&IF(AND(BF14="Ja",ISNUMBER(AC14),AC14>P_MaxWocheJugend),"Jugendlicher > 40 h/Woche; ","")&IF(AND(ISNUMBER(BD14),BD14<P_Mindestlohn,Q14<>"Auszubildende/r",Q14<>"Praktikant/in"),"Mindestlohn unterschritten?; ","")&IF(AND(Q14="Minijob (geringfügig)",ISNUMBER(BB14),BB14>P_Minijob),"Minijob-Grenze überschritten; ","")&IF(AND(R14="Ja",S14=""),"Befristung ohne Enddatum; ","")&IF(AND(ISNUMBER(O14),ISNUMBER(N14),O14<N14),"Austritt vor Eintritt; ","")&IF(AND(ISNUMBER(AU14),ISNUMBER(AV14),AU14<AV14),"Urlaub unter gesetzl. Minimum; ","")&IF(AND(ISNUMBER(AC14),ISNUMBER(AF14),ABS(N(AC14)-N(AF14))>0.01),"Wochenstd. weichen vom Modell ab; ","")&IF(AND(AI14="Ja",OR(AJ14="",AK14="")),"Kontogrenzen fehlen; ","")&IF(AND(AL14="Mit Gehalt abgegolten (Pauschale)",AM14=""),"Überstunden-Pauschale fehlt; ",""))="","OK",IF(OR(B14="",C14="",F14="",N14="",Q14="",AB14="",AC14="",AD14="",AU14=""),"Pflichtfelder fehlen; ","")&IF(AND(ISNUMBER(AC14),AC14>P_MaxWoche),"Wochenstunden > Prüfgrenze; ","")&IF(AND(BF14="Ja",ISNUMBER(AC14),AC14>P_MaxWocheJugend),"Jugendlicher > 40 h/Woche; ","")&IF(AND(ISNUMBER(BD14),BD14<P_Mindestlohn,Q14<>"Auszubildende/r",Q14<>"Praktikant/in"),"Mindestlohn unterschritten?; ","")&IF(AND(Q14="Minijob (geringfügig)",ISNUMBER(BB14),BB14>P_Minijob),"Minijob-Grenze überschritten; ","")&IF(AND(R14="Ja",S14=""),"Befristung ohne Enddatum; ","")&IF(AND(ISNUMBER(O14),ISNUMBER(N14),O14<N14),"Austritt vor Eintritt; ","")&IF(AND(ISNUMBER(AU14),ISNUMBER(AV14),AU14<AV14),"Urlaub unter gesetzl. Minimum; ","")&IF(AND(ISNUMBER(AC14),ISNUMBER(AF14),ABS(N(AC14)-N(AF14))>0.01),"Wochenstd. weichen vom Modell ab; ","")&IF(AND(AI14="Ja",OR(AJ14="",AK14="")),"Kontogrenzen fehlen; ","")&IF(AND(AL14="Mit Gehalt abgegolten (Pauschale)",AM14=""),"Überstunden-Pauschale fehlt; ","")))
AE15: =IF(OR(A15="",NOT(ISNUMBER(AC15)),NOT(ISNUMBER(AD15))),"",IF(AD15>0,AC15/AD15,"")) | AF15: =IF(OR(A15="",AB15=""),"",IFERROR(INDEX(Arbeitszeitmodelle!$C$5:$C$34,MATCH(AB15,Arbeitszeitmodelle!$A$5:$A$34,0)),"")) | AV15: =IF(OR(A15="",NOT(ISNUMBER(AD15))),"",P_MinUrlaubWerktage/6*AD15) | AW15: =IF(A15="","",IF(M15="Ja",P_ZusatzSB*IF(ISNUMBER(AD15),AD15,5)/5,0)) | AZ15: =IF(OR(A15="",NOT(ISNUMBER(AU15))),"",SUM(AU15,AW15,AX15)) | BD15: =IF(A15="","",IF(BA15="Stundenlohn",IF(ISNUMBER(BC15),BC15,""),IF(AND(ISNUMBER(BB15),ISNUMBER(AC15)),IF(AC15>0,BB15*12/(AC15*52),""),""))) | BE15: =IF(OR(A15="",NOT(ISNUMBER(F15))),"",IFERROR(DATEDIF(F15,P_Stichtag,"Y"),"")) | BF15: =IF(OR(A15="",NOT(ISNUMBER(BE15))),"",IF(BE15<18,"Ja","Nein")) | BG15: =IF(A15="","",IF((IF(OR(B15="",C15="",F15="",N15="",Q15="",AB15="",AC15="",AD15="",AU15=""),"Pflichtfelder fehlen; ","")&IF(AND(ISNUMBER(AC15),AC15>P_MaxWoche),"Wochenstunden > Prüfgrenze; ","")&IF(AND(BF15="Ja",ISNUMBER(AC15),AC15>P_MaxWocheJugend),"Jugendlicher > 40 h/Woche; ","")&IF(AND(ISNUMBER(BD15),BD15<P_Mindestlohn,Q15<>"Auszubildende/r",Q15<>"Praktikant/in"),"Mindestlohn unterschritten?; ","")&IF(AND(Q15="Minijob (geringfügig)",ISNUMBER(BB15),BB15>P_Minijob),"Minijob-Grenze überschritten; ","")&IF(AND(R15="Ja",S15=""),"Befristung ohne Enddatum; ","")&IF(AND(ISNUMBER(O15),ISNUMBER(N15),O15<N15),"Austritt vor Eintritt; ","")&IF(AND(ISNUMBER(AU15),ISNUMBER(AV15),AU15<AV15),"Urlaub unter gesetzl. Minimum; ","")&IF(AND(ISNUMBER(AC15),ISNUMBER(AF15),ABS(N(AC15)-N(AF15))>0.01),"Wochenstd. weichen vom Modell ab; ","")&IF(AND(AI15="Ja",OR(AJ15="",AK15="")),"Kontogrenzen fehlen; ","")&IF(AND(AL15="Mit Gehalt abgegolten (Pauschale)",AM15=""),"Überstunden-Pauschale fehlt; ",""))="","OK",IF(OR(B15="",C15="",F15="",N15="",Q15="",AB15="",AC15="",AD15="",AU15=""),"Pflichtfelder fehlen; ","")&IF(AND(ISNUMBER(AC15),AC15>P_MaxWoche),"Wochenstunden > Prüfgrenze; ","")&IF(AND(BF15="Ja",ISNUMBER(AC15),AC15>P_MaxWocheJugend),"Jugendlicher > 40 h/Woche; ","")&IF(AND(ISNUMBER(BD15),BD15<P_Mindestlohn,Q15<>"Auszubildende/r",Q15<>"Praktikant/in"),"Mindestlohn unterschritten?; ","")&IF(AND(Q15="Minijob (geringfügig)",ISNUMBER(BB15),BB15>P_Minijob),"Minijob-Grenze überschritten; ","")&IF(AND(R15="Ja",S15=""),"Befristung ohne Enddatum; ","")&IF(AND(ISNUMBER(O15),ISNUMBER(N15),O15<N15),"Austritt vor Eintritt; ","")&IF(AND(ISNUMBER(AU15),ISNUMBER(AV15),AU15<AV15),"Urlaub unter gesetzl. Minimum; ","")&IF(AND(ISNUMBER(AC15),ISNUMBER(AF15),ABS(N(AC15)-N(AF15))>0.01),"Wochenstd. weichen vom Modell ab; ","")&IF(AND(AI15="Ja",OR(AJ15="",AK15="")),"Kontogrenzen fehlen; ","")&IF(AND(AL15="Mit Gehalt abgegolten (Pauschale)",AM15=""),"Überstunden-Pauschale fehlt; ","")))
AE16: =IF(OR(A16="",NOT(ISNUMBER(AC16)),NOT(ISNUMBER(AD16))),"",IF(AD16>0,AC16/AD16,"")) | AF16: =IF(OR(A16="",AB16=""),"",IFERROR(INDEX(Arbeitszeitmodelle!$C$5:$C$34,MATCH(AB16,Arbeitszeitmodelle!$A$5:$A$34,0)),"")) | AV16: =IF(OR(A16="",NOT(ISNUMBER(AD16))),"",P_MinUrlaubWerktage/6*AD16) | AW16: =IF(A16="","",IF(M16="Ja",P_ZusatzSB*IF(ISNUMBER(AD16),AD16,5)/5,0)) | AZ16: =IF(OR(A16="",NOT(ISNUMBER(AU16))),"",SUM(AU16,AW16,AX16)) | BD16: =IF(A16="","",IF(BA16="Stundenlohn",IF(ISNUMBER(BC16),BC16,""),IF(AND(ISNUMBER(BB16),ISNUMBER(AC16)),IF(AC16>0,BB16*12/(AC16*52),""),""))) | BE16: =IF(OR(A16="",NOT(ISNUMBER(F16))),"",IFERROR(DATEDIF(F16,P_Stichtag,"Y"),"")) | BF16: =IF(OR(A16="",NOT(ISNUMBER(BE16))),"",IF(BE16<18,"Ja","Nein")) | BG16: =IF(A16="","",IF((IF(OR(B16="",C16="",F16="",N16="",Q16="",AB16="",AC16="",AD16="",AU16=""),"Pflichtfelder fehlen; ","")&IF(AND(ISNUMBER(AC16),AC16>P_MaxWoche),"Wochenstunden > Prüfgrenze; ","")&IF(AND(BF16="Ja",ISNUMBER(AC16),AC16>P_MaxWocheJugend),"Jugendlicher > 40 h/Woche; ","")&IF(AND(ISNUMBER(BD16),BD16<P_Mindestlohn,Q16<>"Auszubildende/r",Q16<>"Praktikant/in"),"Mindestlohn unterschritten?; ","")&IF(AND(Q16="Minijob (geringfügig)",ISNUMBER(BB16),BB16>P_Minijob),"Minijob-Grenze überschritten; ","")&IF(AND(R16="Ja",S16=""),"Befristung ohne Enddatum; ","")&IF(AND(ISNUMBER(O16),ISNUMBER(N16),O16<N16),"Austritt vor Eintritt; ","")&IF(AND(ISNUMBER(AU16),ISNUMBER(AV16),AU16<AV16),"Urlaub unter gesetzl. Minimum; ","")&IF(AND(ISNUMBER(AC16),ISNUMBER(AF16),ABS(N(AC16)-N(AF16))>0.01),"Wochenstd. weichen vom Modell ab; ","")&IF(AND(AI16="Ja",OR(AJ16="",AK16="")),"Kontogrenzen fehlen; ","")&IF(AND(AL16="Mit Gehalt abgegolten (Pauschale)",AM16=""),"Überstunden-Pauschale fehlt; ",""))="","OK",IF(OR(B16="",C16="",F16="",N16="",Q16="",AB16="",AC16="",AD16="",AU16=""),"Pflichtfelder fehlen; ","")&IF(AND(ISNUMBER(AC16),AC16>P_MaxWoche),"Wochenstunden > Prüfgrenze; ","")&IF(AND(BF16="Ja",ISNUMBER(AC16),AC16>P_MaxWocheJugend),"Jugendlicher > 40 h/Woche; ","")&IF(AND(ISNUMBER(BD16),BD16<P_Mindestlohn,Q16<>"Auszubildende/r",Q16<>"Praktikant/in"),"Mindestlohn unterschritten?; ","")&IF(AND(Q16="Minijob (geringfügig)",ISNUMBER(BB16),BB16>P_Minijob),"Minijob-Grenze überschritten; ","")&IF(AND(R16="Ja",S16=""),"Befristung ohne Enddatum; ","")&IF(AND(ISNUMBER(O16),ISNUMBER(N16),O16<N16),"Austritt vor Eintritt; ","")&IF(AND(ISNUMBER(AU16),ISNUMBER(AV16),AU16<AV16),"Urlaub unter gesetzl. Minimum; ","")&IF(AND(ISNUMBER(AC16),ISNUMBER(AF16),ABS(N(AC16)-N(AF16))>0.01),"Wochenstd. weichen vom Modell ab; ","")&IF(AND(AI16="Ja",OR(AJ16="",AK16="")),"Kontogrenzen fehlen; ","")&IF(AND(AL16="Mit Gehalt abgegolten (Pauschale)",AM16=""),"Überstunden-Pauschale fehlt; ","")))
AE17: =IF(OR(A17="",NOT(ISNUMBER(AC17)),NOT(ISNUMBER(AD17))),"",IF(AD17>0,AC17/AD17,"")) | AF17: =IF(OR(A17="",AB17=""),"",IFERROR(INDEX(Arbeitszeitmodelle!$C$5:$C$34,MATCH(AB17,Arbeitszeitmodelle!$A$5:$A$34,0)),"")) | AV17: =IF(OR(A17="",NOT(ISNUMBER(AD17))),"",P_MinUrlaubWerktage/6*AD17) | AW17: =IF(A17="","",IF(M17="Ja",P_ZusatzSB*IF(ISNUMBER(AD17),AD17,5)/5,0)) | AZ17: =IF(OR(A17="",NOT(ISNUMBER(AU17))),"",SUM(AU17,AW17,AX17)) | BD17: =IF(A17="","",IF(BA17="Stundenlohn",IF(ISNUMBER(BC17),BC17,""),IF(AND(ISNUMBER(BB17),ISNUMBER(AC17)),IF(AC17>0,BB17*12/(AC17*52),""),""))) | BE17: =IF(OR(A17="",NOT(ISNUMBER(F17))),"",IFERROR(DATEDIF(F17,P_Stichtag,"Y"),"")) | BF17: =IF(OR(A17="",NOT(ISNUMBER(BE17))),"",IF(BE17<18,"Ja","Nein")) | BG17: =IF(A17="","",IF((IF(OR(B17="",C17="",F17="",N17="",Q17="",AB17="",AC17="",AD17="",AU17=""),"Pflichtfelder fehlen; ","")&IF(AND(ISNUMBER(AC17),AC17>P_MaxWoche),"Wochenstunden > Prüfgrenze; ","")&IF(AND(BF17="Ja",ISNUMBER(AC17),AC17>P_MaxWocheJugend),"Jugendlicher > 40 h/Woche; ","")&IF(AND(ISNUMBER(BD17),BD17<P_Mindestlohn,Q17<>"Auszubildende/r",Q17<>"Praktikant/in"),"Mindestlohn unterschritten?; ","")&IF(AND(Q17="Minijob (geringfügig)",ISNUMBER(BB17),BB17>P_Minijob),"Minijob-Grenze überschritten; ","")&IF(AND(R17="Ja",S17=""),"Befristung ohne Enddatum; ","")&IF(AND(ISNUMBER(O17),ISNUMBER(N17),O17<N17),"Austritt vor Eintritt; ","")&IF(AND(ISNUMBER(AU17),ISNUMBER(AV17),AU17<AV17),"Urlaub unter gesetzl. Minimum; ","")&IF(AND(ISNUMBER(AC17),ISNUMBER(AF17),ABS(N(AC17)-N(AF17))>0.01),"Wochenstd. weichen vom Modell ab; ","")&IF(AND(AI17="Ja",OR(AJ17="",AK17="")),"Kontogrenzen fehlen; ","")&IF(AND(AL17="Mit Gehalt abgegolten (Pauschale)",AM17=""),"Überstunden-Pauschale fehlt; ",""))="","OK",IF(OR(B17="",C17="",F17="",N17="",Q17="",AB17="",AC17="",AD17="",AU17=""),"Pflichtfelder fehlen; ","")&IF(AND(ISNUMBER(AC17),AC17>P_MaxWoche),"Wochenstunden > Prüfgrenze; ","")&IF(AND(BF17="Ja",ISNUMBER(AC17),AC17>P_MaxWocheJugend),"Jugendlicher > 40 h/Woche; ","")&IF(AND(ISNUMBER(BD17),BD17<P_Mindestlohn,Q17<>"Auszubildende/r",Q17<>"Praktikant/in"),"Mindestlohn unterschritten?; ","")&IF(AND(Q17="Minijob (geringfügig)",ISNUMBER(BB17),BB17>P_Minijob),"Minijob-Grenze überschritten; ","")&IF(AND(R17="Ja",S17=""),"Befristung ohne Enddatum; ","")&IF(AND(ISNUMBER(O17),ISNUMBER(N17),O17<N17),"Austritt vor Eintritt; ","")&IF(AND(ISNUMBER(AU17),ISNUMBER(AV17),AU17<AV17),"Urlaub unter gesetzl. Minimum; ","")&IF(AND(ISNUMBER(AC17),ISNUMBER(AF17),ABS(N(AC17)-N(AF17))>0.01),"Wochenstd. weichen vom Modell ab; ","")&IF(AND(AI17="Ja",OR(AJ17="",AK17="")),"Kontogrenzen fehlen; ","")&IF(AND(AL17="Mit Gehalt abgegolten (Pauschale)",AM17=""),"Überstunden-Pauschale fehlt; ","")))
... AE304: =IF(OR(A304="",NOT(ISNUMBER(AC304)),NOT(ISNUMBER(AD304))),"",IF(AD304>0,AC304/AD304,"")) | AF304: =IF(OR(A304="",AB304=""),"",IFERROR(INDEX(Arbeitszeitmodelle!$C$5:$C$34,MATCH(AB304,Arbeitszeitmodelle!$A$5:$A$34,0)),"")) | AV304: =IF(OR(A304="",NOT(ISNUMBER(AD304))),"",P_MinUrlaubWerktage/6*AD304) | AW304: =IF(A304="","",IF(M304="Ja",P_ZusatzSB*IF(ISNUMBER(AD304),AD304,5)/5,0)) | AZ304: =IF(OR(A304="",NOT(ISNUMBER(AU304))),"",SUM(AU304,AW304,AX304)) | BD304: =IF(A304="","",IF(BA304="Stundenlohn",IF(ISNUMBER(BC304),BC304,""),IF(AND(ISNUMBER(BB304),ISNUMBER(AC304)),IF(AC304>0,BB304*12/(AC304*52),""),""))) | BE304: =IF(OR(A304="",NOT(ISNUMBER(F304))),"",IFERROR(DATEDIF(F304,P_Stichtag,"Y"),"")) | BF304: =IF(OR(A304="",NOT(ISNUMBER(BE304))),"",IF(BE304<18,"Ja","Nein")) | BG304: =IF(A304="","",IF((IF(OR(B304="",C304="",F304="",N304="",Q304="",AB304="",AC304="",AD304="",AU304=""),"Pflichtfelder fehlen; ","")&IF(AND(ISNUMBER(AC304),AC304>P_MaxWoche),"Wochenstunden > Prüfgrenze; ","")&IF(AND(BF304="Ja",ISNUMBER(AC304),AC304>P_MaxWocheJugend),"Jugendlicher > 40 h/Woche; ","")&IF(AND(ISNUMBER(BD304),BD304<P_Mindestlohn,Q304<>"Auszubildende/r",Q304<>"Praktikant/in"),"Mindestlohn unterschritten?; ","")&IF(AND(Q304="Minijob (geringfügig)",ISNUMBER(BB304),BB304>P_Minijob),"Minijob-Grenze überschritten; ","")&IF(AND(R304="Ja",S304=""),"Befristung ohne Enddatum; ","")&IF(AND(ISNUMBER(O304),ISNUMBER(N304),O304<N304),"Austritt vor Eintritt; ","")&IF(AND(ISNUMBER(AU304),ISNUMBER(AV304),AU304<AV304),"Urlaub unter gesetzl. Minimum; ","")&IF(AND(ISNUMBER(AC304),ISNUMBER(AF304),ABS(N(AC304)-N(AF304))>0.01),"Wochenstd. weichen vom Modell ab; ","")&IF(AND(AI304="Ja",OR(AJ304="",AK304="")),"Kontogrenzen fehlen; ","")&IF(AND(AL304="Mit Gehalt abgegolten (Pauschale)",AM304=""),"Überstunden-Pauschale fehlt; ",""))="","OK",IF(OR(B304="",C304="",F304="",N304="",Q304="",AB304="",AC304="",AD304="",AU304=""),"Pflichtfelder fehlen; ","")&IF(AND(ISNUMBER(AC304),AC304>P_MaxWoche),"Wochenstunden > Prüfgrenze; ","")&IF(AND(BF304="Ja",ISNUMBER(AC304),AC304>P_MaxWocheJugend),"Jugendlicher > 40 h/Woche; ","")&IF(AND(ISNUMBER(BD304),BD304<P_Mindestlohn,Q304<>"Auszubildende/r",Q304<>"Praktikant/in"),"Mindestlohn unterschritten?; ","")&IF(AND(Q304="Minijob (geringfügig)",ISNUMBER(BB304),BB304>P_Minijob),"Minijob-Grenze überschritten; ","")&IF(AND(R304="Ja",S304=""),"Befristung ohne Enddatum; ","")&IF(AND(ISNUMBER(O304),ISNUMBER(N304),O304<N304),"Austritt vor Eintritt; ","")&IF(AND(ISNUMBER(AU304),ISNUMBER(AV304),AU304<AV304),"Urlaub unter gesetzl. Minimum; ","")&IF(AND(ISNUMBER(AC304),ISNUMBER(AF304),ABS(N(AC304)-N(AF304))>0.01),"Wochenstd. weichen vom Modell ab; ","")&IF(AND(AI304="Ja",OR(AJ304="",AK304="")),"Kontogrenzen fehlen; ","")&IF(AND(AL304="Mit Gehalt abgegolten (Pauschale)",AM304=""),"Überstunden-Pauschale fehlt; ","")))

Sheet Arbeitszeitmodelle
A1: Arbeitszeitmodelle (Stammdaten)
A2: Je Modell die Soll-Stunden pro Wochentag (Dezimalstunden, z. B. 7,7 = 7 h 42 min). Wochenstunden und Arbeitstage werden berechnet. Die Modelle sind Vorschläge – bitte an die tatsächlichen Regelungen anpassen und im Stammblatt per ID zuordnen.
A4: Modell-ID | B4: Bezeichnung | C4: Wochenstunden (berechnet) | D4: Arbeitstage (berechnet) | E4: Mo | F4: Di | G4: Mi | H4: Do | I4: Fr | J4: Sa | K4: So | L4: Rahmenzeit von | M4: Rahmenzeit bis | N4: Kernzeit von | O4: Kernzeit bis | P4: Gleitzeit? | Q4: Unbezahlte Pause / Tag (Min.) | R4: Bemerkung
A5: VZ-40 | B5: Vollzeit 40 h, Mo–Fr | C5: =IF(A5="","",SUM(E5:K5)) -> 40 | D5: =IF(A5="","",COUNTIF(E5:K5,">0")) -> 5 | E5: 8 | F5: 8 | G5: 8 | H5: 8 | I5: 8 | J5: 0 | K5: 0 | L5: 0.29166667 | M5: 0.79166667 | N5: 0.39583333 | O5: 0.625 | P5: Ja | Q5: 30 | R5: Vorschlag
A6: VZ-38,5 | B6: Vollzeit 38,5 h, Mo–Fr | C6: =IF(A6="","",SUM(E6:K6)) -> 38.5 | D6: =IF(A6="","",COUNTIF(E6:K6,">0")) -> 5 | E6: 7.7 | F6: 7.7 | G6: 7.7 | H6: 7.7 | I6: 7.7 | J6: 0 | K6: 0 | L6: 0.29166667 | M6: 0.79166667 | N6: 0.39583333 | O6: 0.625 | P6: Ja | Q6: 30 | R6: Vorschlag (z. B. tarifliche 38,5 h)
A7: TZ-30 | B7: Teilzeit 30 h, Mo–Fr | C7: =IF(A7="","",SUM(E7:K7)) -> 30 | D7: =IF(A7="","",COUNTIF(E7:K7,">0")) -> 5 | E7: 6 | F7: 6 | G7: 6 | H7: 6 | I7: 6 | J7: 0 | K7: 0 | L7: 0.29166667 | M7: 0.79166667 | N7: 0.39583333 | O7: 0.58333333 | P7: Ja | Q7: 30 | R7: Vorschlag
A8: TZ-20-VM | B8: Teilzeit 20 h, vormittags Mo–Fr | C8: =IF(A8="","",SUM(E8:K8)) -> 20 | D8: =IF(A8="","",COUNTIF(E8:K8,">0")) -> 5 | E8: 4 | F8: 4 | G8: 4 | H8: 4 | I8: 4 | J8: 0 | K8: 0 | L8: 0.29166667 | M8: 0.58333333 | N8: 0.35416667 | O8: 0.5 | P8: Nein | Q8: 0 | R8: Vorschlag
A9: TZ-24-3T | B9: Teilzeit 24 h, Mo/Mi/Fr | C9: =IF(A9="","",SUM(E9:K9)) -> 24 | D9: =IF(A9="","",COUNTIF(E9:K9,">0")) -> 3 | E9: 8 | F9: 0 | G9: 8 | H9: 0 | I9: 8 | J9: 0 | K9: 0 | L9: 0.29166667 | M9: 0.79166667 | P9: Ja | Q9: 30 | R9: Vorschlag
A10: MINI-10 | B10: Minijob 10 h/Woche | C10: =IF(A10="","",SUM(E10:K10)) -> 10 | D10: =IF(A10="","",COUNTIF(E10:K10,">0")) -> 5 | E10: 2 | F10: 2 | G10: 2 | H10: 2 | I10: 2 | J10: 0 | K10: 0 | P10: Nein | Q10: 0 | R10: Vorschlag; Entgeltgrenze beachten
A11: WS-20 | B11: Werkstudent 20 h/Woche | C11: =IF(A11="","",SUM(E11:K11)) -> 20 | D11: =IF(A11="","",COUNTIF(E11:K11,">0")) -> 5 | E11: 4 | F11: 4 | G11: 4 | H11: 4 | I11: 4 | J11: 0 | K11: 0 | P11: Nein | Q11: 0 | R11: Max. 20 h/Woche in der Vorlesungszeit
A12: SCHICHT-40 | B12: Schichtmodell 40 h (Ø) | C12: =IF(A12="","",SUM(E12:K12)) -> 40 | D12: =IF(A12="","",COUNTIF(E12:K12,">0")) -> 5 | E12: 8 | F12: 8 | G12: 8 | H12: 8 | I12: 8 | J12: 0 | K12: 0 | P12: Nein | Q12: 30 | R12: Konkrete Lage über Schichtplan; Ø-Wert
C13: =IF(A13="","",SUM(E13:K13)) | D13: =IF(A13="","",COUNTIF(E13:K13,">0"))
C14: =IF(A14="","",SUM(E14:K14)) | D14: =IF(A14="","",COUNTIF(E14:K14,">0"))
C15: =IF(A15="","",SUM(E15:K15)) | D15: =IF(A15="","",COUNTIF(E15:K15,">0"))
C16: =IF(A16="","",SUM(E16:K16)) | D16: =IF(A16="","",COUNTIF(E16:K16,">0"))
C17: =IF(A17="","",SUM(E17:K17)) | D17: =IF(A17="","",COUNTIF(E17:K17,">0"))
C18: =IF(A18="","",SUM(E18:K18)) | D18: =IF(A18="","",COUNTIF(E18:K18,">0"))
C19: =IF(A19="","",SUM(E19:K19)) | D19: =IF(A19="","",COUNTIF(E19:K19,">0"))
C20: =IF(A20="","",SUM(E20:K20)) | D20: =IF(A20="","",COUNTIF(E20:K20,">0"))
C21: =IF(A21="","",SUM(E21:K21)) | D21: =IF(A21="","",COUNTIF(E21:K21,">0"))
C22: =IF(A22="","",SUM(E22:K22)) | D22: =IF(A22="","",COUNTIF(E22:K22,">0"))
C23: =IF(A23="","",SUM(E23:K23)) | D23: =IF(A23="","",COUNTIF(E23:K23,">0"))
C24: =IF(A24="","",SUM(E24:K24)) | D24: =IF(A24="","",COUNTIF(E24:K24,">0"))
... C34: =IF(A34="","",SUM(E34:K34)) | D34: =IF(A34="","",COUNTIF(E34:K34,">0"))

Sheet Parameter
A1: Parameter & gesetzliche Grenzwerte
A2: Blaue Werte sind Eingaben. Die gesetzlichen Werte entsprechen dem Kenntnisstand Okt. 2026 und sind vor Einsatz sowie bei jeder Änderung (z. B. Mindestlohn zum 01.01.) zu prüfen – keine Rechtsberatung.
A3: Parameter | B3: Wert | C3: Einheit | D3: Quelle / Hinweis
A4: Unternehmen
A5: Firmenname | B5: Muster GmbH | D5: Bitte eintragen.
A6: Auswertungsstichtag | B6: =TODAY() -> 46323 | C6: Datum | D6: Bezugsdatum für Alter etc.; für feste Auswertung ein Datum eintragen.
A7: Geschäftsjahr-/Urlaubsjahr-Beginn | B7: 46023 | C7: Datum | D7: Urlaubsjahr = Kalenderjahr, sofern nichts anderes vereinbart.
A8: Gesetzliche Grenzwerte (Prüfgrundlage)
A9: Gesetzlicher Mindestlohn | B9: 13.9 | C9: €/Stunde | D9: MiLoG; Stand 2026 = 13,90 €, ab 01.01.2027 laut Beschluss 14,60 € – jährlich anpassen.
A10: Minijob-Entgeltgrenze | B10: 603 | C10: €/Monat | D10: § 8 SGB IV (dynamisch: 130 × Mindestlohn ÷ 3); Stand 2026 = 603 €.
A11: Gesetzlicher Mindesturlaub | B11: 24 | C11: Werktage/Jahr | D11: § 3 BUrlG (6-Tage-Woche).
A12: Zusatzurlaub Schwerbehinderung | B12: 5 | C12: Arbeitstage/Jahr | D12: § 208 SGB IX (bei 5-Tage-Woche).
A13: Regelarbeitszeit pro Tag | B13: 8 | C13: Stunden | D13: § 3 ArbZG; auf 10 h verlängerbar bei Ausgleich innerhalb 6 Monaten/24 Wochen im Ø 8 h.
A14: Höchstarbeitszeit pro Tag (verlängert) | B14: 10 | C14: Stunden | D14: § 3 ArbZG.
A15: Wochenarbeitszeit – Prüfgrenze | B15: 48 | C15: Stunden | D15: Ø 48 h/Woche (Richtlinie 2003/88/EG, § 3 ArbZG: 6 × 8 h).
A16: Jugendliche: max. Stunden pro Tag | B16: 8 | C16: Stunden | D16: § 8 JArbSchG.
A17: Jugendliche: max. Stunden pro Woche | B17: 40 | C17: Stunden | D17: § 8 JArbSchG.
A18: Mindestruhezeit zwischen Arbeitstagen | B18: 11 | C18: Stunden | D18: § 5 ArbZG.
A19: Ruhepause bei > 6 bis 9 Std. Arbeitszeit | B19: 30 | C19: Minuten | D19: § 4 ArbZG.
A20: Ruhepause bei > 9 Std. Arbeitszeit | B20: 45 | C20: Minuten | D20: § 4 ArbZG.
A21: Nachtzeit | B21: 23:00–06:00 Uhr | D21: § 2 Abs. 3 ArbZG.
A22: Aufbewahrung der Aufzeichnungen | B22: 2 | C22: Jahre | D22: § 16 Abs. 2 ArbZG, § 17 MiLoG (Minijobs/Branchen), betriebliche Fristen ggf. länger (Steuer/Sozialversicherung).

Sheet Listen
A1: Anrede | B1: Geschlecht | C1: JaNein | D1: Status | E1: Beschaeftigungsart | F1: Abteilung | G1: Standort | H1: Bundesland | I1: Zeiterfassungsart | J1: Ueberstunden | K1: Bereitschaft | L1: Entgeltart
A2: Herr | B2: männlich | C2: Ja | D2: Aktiv | E2: Vollzeit | F2: Geschäftsführung | G2: Hauptsitz | H2: Baden-Württemberg | I2: Zeitstempelung (Terminal/Stechuhr) | J2: Freizeitausgleich | K2: Keine | L2: Monatsgehalt
A3: Frau | B3: weiblich | C3: Nein | D3: Ruhend (Elternzeit/Langzeitkrank/Sonderurlaub) | E3: Teilzeit | F3: Verwaltung | G3: Niederlassung 1 | H3: Bayern | I3: App / Web-Erfassung | J3: Auszahlung | K3: Rufbereitschaft | L3: Stundenlohn
A4: Divers | B4: divers | D4: Ausgeschieden | E4: Minijob (geringfügig) | F4: Personal | H4: Berlin | I4: Manuelle Eingabe (Stundenzettel) | J4: Wahlrecht Mitarbeiter | K4: Bereitschaftsdienst
A5: Ohne Angabe | B5: ohne Angabe | E5: Midijob | F5: Vertrieb | H5: Brandenburg | I5: Vertrauensarbeitszeit mit Erfassung | J5: Mit Gehalt abgegolten (Pauschale)
E6: Werkstudent/in | F6: Produktion | H6: Bremen
E7: Auszubildende/r | F7: Lager/Logistik | H7: Hamburg
E8: Praktikant/in | F8: IT | H8: Hessen
E9: Aushilfe (kurzfristig) | H9: Mecklenburg-Vorpommern
E10: Geschäftsführer/in (Anstellung) | H10: Niedersachsen
H11: Nordrhein-Westfalen
H12: Rheinland-Pfalz
H13: Saarland
H14: Sachsen
H15: Sachsen-Anhalt
H16: Schleswig-Holstein
H17: Thüringen

Sheet Feldbeschreibung
A1: Feldbeschreibung – Datenwörterbuch
A3: Nr. | B3: Spalte | C3: Feld | D3: Bereich | E3: Angabe | F3: Format / Auswahl | G3: Erläuterung / Bedeutung für die Zeiterfassung
A4: 1 | B4: A | C4: Personal-Nr. | D4: Personaldaten | E4: Pflicht | F4: Text | G4: Eindeutige Personalnummer; Schlüssel für Zeitbuchungen, Abwesenheiten und Auswertungen. Nie neu vergeben.
A5: 2 | B5: B | C5: Nachname | D5: Personaldaten | E5: Pflicht | F5: Text | G5: Familienname laut Ausweis/Arbeitsvertrag.
A6: 3 | B6: C | C6: Vorname | D6: Personaldaten | E6: Pflicht | F6: Text | G6: Rufname laut Arbeitsvertrag.
A7: 4 | B7: D | C7: Anrede | D7: Personaldaten | E7: Optional | F7: Auswahlliste: Herr, Frau, Divers, Ohne Angabe | G7: Für Schriftverkehr (Zeitnachweise, Benachrichtigungen).
A8: 5 | B8: E | C8: Titel | D8: Personaldaten | E8: Optional | F8: Text | G8: Akademischer Grad, z. B. Dr.
A9: 6 | B9: F | C9: Geburtsdatum | D9: Personaldaten | E9: Pflicht | F9: Datum TT.MM.JJJJ | G9: Zur Altersprüfung (Jugendarbeitsschutz < 18 Jahre: max. 8 h/Tag, 40 h/Woche).
A10: 7 | B10: G | C10: Geschlecht | D10: Personaldaten | E10: Optional | F10: Auswahlliste: männlich, weiblich, divers, ohne Angabe | G10: Nach AGG-konformer Erfassung; für Statistik, nicht für die Zeiterfassung zwingend.
A11: 8 | B11: H | C11: Straße, Hausnr. | D11: Personaldaten | E11: Optional | F11: Text | G11: Wohnanschrift.
A12: 9 | B12: I | C12: PLZ | D12: Personaldaten | E12: Optional | F12: Text | G12: Postleitzahl (als Text, führende Null bleibt erhalten).
A13: 10 | B13: J | C13: Wohnort | D13: Personaldaten | E13: Optional | F13: Text | G13: Wohnort.
A14: 11 | B14: K | C14: E-Mail | D14: Personaldaten | E14: Optional | F14: Text | G14: Dienstliche E-Mail für Erinnerungen/Freigaben in der Zeiterfassung.
A15: 12 | B15: L | C15: Telefon | D15: Personaldaten | E15: Optional | F15: Text | G15: Telefon für Rückfragen.
... A63: 60 | B63: BH | C63: Bemerkung | D63: Automatische Prüfung | E63: Optional | F63: Text | G63: Freitext, z. B. Besonderheiten der Vereinbarung. Keine Gesundheitsdaten eintragen.
